Project ID,Task,Duration
0,1,16
0,2,5
0,3,9
0,4,2
0,5,4
0,6,6
0,7,16
0,8,15
0,9,16
0,10,6
0,11,16
0,12,18
0,13,12
0,14,10
0,15,8
0,16,14
0,17,16
0,18,13
0,19,30
0,20,12
0,21,17
0,22,22
0,23,11
0,24,9
0,25,22
0,26,11
0,27,5
0,28,19
0,29,12
0,30,7
0,31,13
0,32,12
0,33,9
0,34,8
1,1,17
1,2,7
1,3,8
1,4,2
1,5,7
1,6,4
1,7,8
1,8,9
1,9,15
1,10,14
1,11,13
1,12,16
1,13,18
1,14,12
1,15,17
1,16,9
1,17,9
1,18,10
1,19,24
1,20,9
1,21,24
1,22,20
1,23,12
1,24,10
1,25,18
1,26,7
1,27,4
1,28,14
1,29,10
1,30,5
1,31,9
1,32,12
1,33,5
1,34,10
2,1,16
2,2,5
2,3,11
2,4,3
2,5,5
2,6,3
2,7,7
2,8,15
2,9,10
2,10,7
2,11,18
2,12,23
2,13,11
2,14,10
2,15,14
2,16,16
2,17,17
2,18,9
2,19,30
2,20,14
2,21,20
2,22,13
2,23,13
2,24,10
2,25,17
2,26,10
2,27,4
2,28,16
2,29,12
2,30,8
2,31,11
2,32,15
2,33,4
2,34,12
3,1,20
3,2,8
3,3,10
3,4,2
3,5,5
3,6,4
3,7,10
3,8,16
3,9,14
3,10,10
3,11,11
3,12,30
3,13,10
3,14,11
3,15,10
3,16,10
3,17,7
3,18,7
3,19,27
3,20,12
3,21,23
3,22,18
3,23,20
3,24,9
3,25,18
3,26,11
3,27,3
3,28,16
3,29,13
3,30,2
3,31,12
3,32,15
3,33,6
3,34,11
4,1,14
4,2,8
4,3,13
4,4,3
4,5,4
4,6,3
4,7,9
4,8,10
4,9,12
4,10,7
4,11,18
4,12,20
4,13,12
4,14,12
4,15,11
4,16,17
4,17,17
4,18,11
4,19,27
4,20,12
4,21,18
4,22,18
4,23,14
4,24,9
4,25,29
4,26,6
4,27,8
4,28,19
4,29,7
4,30,11
4,31,7
4,32,26
4,33,5
4,34,12
5,1,19
5,2,10
5,3,11
5,4,3
5,5,4
5,6,5
5,7,12
5,8,8
5,9,20
5,10,9
5,11,16
5,12,23
5,13,11
5,14,7
5,15,12
5,16,11
5,17,14
5,18,8
5,19,25
5,20,12
5,21,19
5,22,16
5,23,15
5,24,9
5,25,27
5,26,8
5,27,5
5,28,13
5,29,11
5,30,5
5,31,14
5,32,23
5,33,8
5,34,11
6,1,19
6,2,5
6,3,9
6,4,3
6,5,7
6,6,6
6,7,14
6,8,11
6,9,12
6,10,8
6,11,10
6,12,22
6,13,21
6,14,10
6,15,11
6,16,8
6,17,13
6,18,7
6,19,33
6,20,8
6,21,22
6,22,20
6,23,15
6,24,14
6,25,19
6,26,8
6,27,2
6,28,18
6,29,15
6,30,7
6,31,15
6,32,9
6,33,6
6,34,11
7,1,19
7,2,7
7,3,11
7,4,3
7,5,5
7,6,3
7,7,12
7,8,8
7,9,11
7,10,14
7,11,13
7,12,19
7,13,9
7,14,8
7,15,17
7,16,12
7,17,14
7,18,12
7,19,29
7,20,7
7,21,19
7,22,16
7,23,12
7,24,7
7,25,20
7,26,10
7,27,3
7,28,15
7,29,13
7,30,9
7,31,11
7,32,16
7,33,6
7,34,9
8,1,14
8,2,6
8,3,11
8,4,1
8,5,5
8,6,4
8,7,5
8,8,12
8,9,15
8,10,6
8,11,16
8,12,17
8,13,18
8,14,14
8,15,9
8,16,16
8,17,13
8,18,8
8,19,19
8,20,9
8,21,21
8,22,19
8,23,14
8,24,8
8,25,22
8,26,10
8,27,3
8,28,20
8,29,13
8,30,12
8,31,16
8,32,23
8,33,4
8,34,12
9,1,12
9,2,8
9,3,12
9,4,2
9,5,6
9,6,6
9,7,13
9,8,14
9,9,12
9,10,11
9,11,9
9,12,23
9,13,11
9,14,11
9,15,12
9,16,13
9,17,11
9,18,9
9,19,24
9,20,15
9,21,21
9,22,20
9,23,13
9,24,12
9,25,23
9,26,14
9,27,6
9,28,13
9,29,11
9,30,10
9,31,12
9,32,21
9,33,3
9,34,10
10,1,17
10,2,5
10,3,11
10,4,2
10,5,5
10,6,4
10,7,8
10,8,7
10,9,23
10,10,6
10,11,12
10,12,26
10,13,14
10,14,10
10,15,9
10,16,6
10,17,15
10,18,6
10,19,28
10,20,10
10,21,24
10,22,20
10,23,12
10,24,8
10,25,22
10,26,7
10,27,3
10,28,19
10,29,11
10,30,8
10,31,6
10,32,14
10,33,10
10,34,11
11,1,17
11,2,5
11,3,11
11,4,8
11,5,5
11,6,4
11,7,16
11,8,10
11,9,18
11,10,9
11,11,14
11,12,22
11,13,10
11,14,9
11,15,15
11,16,14
11,17,15
11,18,6
11,19,20
11,20,16
11,21,22
11,22,17
11,23,8
11,24,14
11,25,19
11,26,10
11,27,3
11,28,11
11,29,11
11,30,8
11,31,11
11,32,15
11,33,4
11,34,11
12,1,14
12,2,6
12,3,13
12,4,4
12,5,7
12,6,4
12,7,13
12,8,11
12,9,15
12,10,8
12,11,15
12,12,17
12,13,15
12,14,4
12,15,10
12,16,6
12,17,14
12,18,10
12,19,32
12,20,14
12,21,20
12,22,19
12,23,16
12,24,11
12,25,33
12,26,10
12,27,7
12,28,11
12,29,10
12,30,9
12,31,14
12,32,16
12,33,6
12,34,10
13,1,17
13,2,4
13,3,10
13,4,3
13,5,4
13,6,3
13,7,14
13,8,15
13,9,10
13,10,8
13,11,16
13,12,27
13,13,10
13,14,8
13,15,15
13,16,18
13,17,18
13,18,8
13,19,34
13,20,17
13,21,29
13,22,17
13,23,12
13,24,9
13,25,17
13,26,12
13,27,8
13,28,18
13,29,8
13,30,10
13,31,13
13,32,21
13,33,3
13,34,7
14,1,20
14,2,6
14,3,12
14,4,5
14,5,4
14,6,4
14,7,16
14,8,10
14,9,25
14,10,7
14,11,23
14,12,13
14,13,9
14,14,16
14,15,13
14,16,9
14,17,10
14,18,9
14,19,19
14,20,12
14,21,15
14,22,22
14,23,11
14,24,10
14,25,18
14,26,8
14,27,3
14,28,18
14,29,8
14,30,9
14,31,14
14,32,15
14,33,3
14,34,12
15,1,22
15,2,8
15,3,9
15,4,2
15,5,4
15,6,6
15,7,13
15,8,5
15,9,15
15,10,7
15,11,16
15,12,21
15,13,17
15,14,12
15,15,13
15,16,16
15,17,12
15,18,10
15,19,23
15,20,12
15,21,21
15,22,20
15,23,16
15,24,16
15,25,29
15,26,17
15,27,4
15,28,17
15,29,10
15,30,4
15,31,9
15,32,10
15,33,3
15,34,7
16,1,13
16,2,4
16,3,12
16,4,3
16,5,5
16,6,4
16,7,8
16,8,9
16,9,13
16,10,8
16,11,14
16,12,15
16,13,20
16,14,14
16,15,14
16,16,16
16,17,12
16,18,10
16,19,31
16,20,15
16,21,21
16,22,18
16,23,15
16,24,10
16,25,37
16,26,16
16,27,3
16,28,17
16,29,14
16,30,4
16,31,14
16,32,22
16,33,4
16,34,8
17,1,14
17,2,8
17,3,9
17,4,5
17,5,4
17,6,3
17,7,8
17,8,9
17,9,14
17,10,10
17,11,12
17,12,19
17,13,15
17,14,8
17,15,8
17,16,5
17,17,10
17,18,10
17,19,33
17,20,12
17,21,23
17,22,17
17,23,11
17,24,15
17,25,14
17,26,8
17,27,3
17,28,19
17,29,13
17,30,3
17,31,8
17,32,18
17,33,10
17,34,11
18,1,15
18,2,6
18,3,12
18,4,3
18,5,4
18,6,4
18,7,7
18,8,7
18,9,12
18,10,10
18,11,19
18,12,16
18,13,15
18,14,9
18,15,13
18,16,9
18,17,11
18,18,13
18,19,26
18,20,11
18,21,17
18,22,22
18,23,18
18,24,12
18,25,29
18,26,12
18,27,6
18,28,14
18,29,15
18,30,6
18,31,12
18,32,13
18,33,3
18,34,12
19,1,12
19,2,6
19,3,12
19,4,3
19,5,5
19,6,3
19,7,8
19,8,15
19,9,16
19,10,19
19,11,14
19,12,33
19,13,10
19,14,15
19,15,16
19,16,12
19,17,8
19,18,9
19,19,25
19,20,12
19,21,24
19,22,12
19,23,16
19,24,13
19,25,16
19,26,16
19,27,7
19,28,22
19,29,7
19,30,7
19,31,14
19,32,18
19,33,8
19,34,6
20,1,13
20,2,5
20,3,10
20,4,3
20,5,4
20,6,4
20,7,12
20,8,11
20,9,10
20,10,14
20,11,11
20,12,22
20,13,11
20,14,10
20,15,22
20,16,13
20,17,10
20,18,9
20,19,23
20,20,14
20,21,23
20,22,17
20,23,16
20,24,10
20,25,17
20,26,9
20,27,3
20,28,17
20,29,12
20,30,10
20,31,12
20,32,13
20,33,7
20,34,9
21,1,19
21,2,8
21,3,12
21,4,10
21,5,5
21,6,4
21,7,9
21,8,16
21,9,14
21,10,4
21,11,17
21,12,19
21,13,10
21,14,16
21,15,22
21,16,17
21,17,13
21,18,14
21,19,18
21,20,14
21,21,17
21,22,20
21,23,21
21,24,15
21,25,22
21,26,10
21,27,7
21,28,17
21,29,11
21,30,4
21,31,17
21,32,8
21,33,4
21,34,10
22,1,13
22,2,6
22,3,12
22,4,6
22,5,7
22,6,4
22,7,11
22,8,9
22,9,17
22,10,8
22,11,13
22,12,17
22,13,19
22,14,14
22,15,7
22,16,12
22,17,15
22,18,11
22,19,24
22,20,14
22,21,20
22,22,17
22,23,11
22,24,9
22,25,25
22,26,9
22,27,4
22,28,21
22,29,15
22,30,11
22,31,7
22,32,21
22,33,3
22,34,7
23,1,18
23,2,5
23,3,9
23,4,2
23,5,7
23,6,3
23,7,13
23,8,10
23,9,11
23,10,6
23,11,10
23,12,22
23,13,13
23,14,10
23,15,17
23,16,14
23,17,20
23,18,8
23,19,22
23,20,10
23,21,23
23,22,19
23,23,15
23,24,11
23,25,18
23,26,9
23,27,4
23,28,16
23,29,13
23,30,12
23,31,12
23,32,21
23,33,5
23,34,9
24,1,17
24,2,5
24,3,11
24,4,10
24,5,7
24,6,5
24,7,9
24,8,12
24,9,14
24,10,5
24,11,13
24,12,23
24,13,11
24,14,10
24,15,12
24,16,10
24,17,9
24,18,13
24,19,27
24,20,11
24,21,23
24,22,18
24,23,12
24,24,8
24,25,16
24,26,7
24,27,4
24,28,15
24,29,16
24,30,6
24,31,10
24,32,17
24,33,8
24,34,8
25,1,12
25,2,5
25,3,11
25,4,9
25,5,7
25,6,4
25,7,17
25,8,10
25,9,13
25,10,7
25,11,14
25,12,23
25,13,14
25,14,8
25,15,12
25,16,9
25,17,12
25,18,9
25,19,22
25,20,14
25,21,22
25,22,20
25,23,11
25,24,9
25,25,29
25,26,5
25,27,6
25,28,20
25,29,8
25,30,7
25,31,9
25,32,12
25,33,2
25,34,11
26,1,9
26,2,6
26,3,10
26,4,2
26,5,12
26,6,4
26,7,18
26,8,11
26,9,10
26,10,8
26,11,13
26,12,20
26,13,16
26,14,15
26,15,12
26,16,13
26,17,9
26,18,16
26,19,29
26,20,12
26,21,20
26,22,16
26,23,13
26,24,8
26,25,16
26,26,11
26,27,2
26,28,15
26,29,13
26,30,8
26,31,17
26,32,15
26,33,8
26,34,11
27,1,14
27,2,5
27,3,10
27,4,3
27,5,7
27,6,3
27,7,11
27,8,9
27,9,13
27,10,7
27,11,17
27,12,19
27,13,12
27,14,10
27,15,14
27,16,10
27,17,13
27,18,15
27,19,25
27,20,13
27,21,19
27,22,15
27,23,14
27,24,8
27,25,18
27,26,12
27,27,4
27,28,14
27,29,9
27,30,10
27,31,11
27,32,21
27,33,6
27,34,9
28,1,10
28,2,8
28,3,12
28,4,3
28,5,5
28,6,3
28,7,4
28,8,9
28,9,22
28,10,11
28,11,19
28,12,14
28,13,12
28,14,13
28,15,12
28,16,10
28,17,13
28,18,10
28,19,16
28,20,11
28,21,17
28,22,19
28,23,13
28,24,11
28,25,17
28,26,10
28,27,4
28,28,16
28,29,13
28,30,6
28,31,14
28,32,9
28,33,4
28,34,12
29,1,17
29,2,6
29,3,7
29,4,6
29,5,5
29,6,3
29,7,10
29,8,18
29,9,15
29,10,7
29,11,14
29,12,23
29,13,17
29,14,8
29,15,16
29,16,10
29,17,10
29,18,14
29,19,18
29,20,16
29,21,22
29,22,17
29,23,13
29,24,7
29,25,20
29,26,12
29,27,4
29,28,22
29,29,8
29,30,3
29,31,8
29,32,15
29,33,6
29,34,11
30,1,21
30,2,8
30,3,11
30,4,3
30,5,10
30,6,6
30,7,10
30,8,10
30,9,15
30,10,9
30,11,8
30,12,18
30,13,20
30,14,8
30,15,9
30,16,22
30,17,12
30,18,12
30,19,23
30,20,15
30,21,24
30,22,18
30,23,12
30,24,8
30,25,21
30,26,12
30,27,4
30,28,13
30,29,16
30,30,11
30,31,13
30,32,14
30,33,10
30,34,7
31,1,20
31,2,5
31,3,8
31,4,3
31,5,9
31,6,7
31,7,8
31,8,14
31,9,21
31,10,8
31,11,17
31,12,21
31,13,16
31,14,8
31,15,15
31,16,17
31,17,13
31,18,12
31,19,25
31,20,14
31,21,20
31,22,20
31,23,14
31,24,9
31,25,25
31,26,15
31,27,3
31,28,20
31,29,15
31,30,10
31,31,10
31,32,23
31,33,5
31,34,10
32,1,17
32,2,5
32,3,12
32,4,6
32,5,6
32,6,6
32,7,20
32,8,15
32,9,12
32,10,12
32,11,14
32,12,21
32,13,16
32,14,8
32,15,11
32,16,13
32,17,11
32,18,11
32,19,29
32,20,18
32,21,17
32,22,19
32,23,11
32,24,11
32,25,32
32,26,10
32,27,3
32,28,19
32,29,7
32,30,9
32,31,10
32,32,23
32,33,4
32,34,11
33,1,21
33,2,11
33,3,7
33,4,2
33,5,8
33,6,3
33,7,8
33,8,11
33,9,5
33,10,8
33,11,15
33,12,24
33,13,19
33,14,11
33,15,13
33,16,9
33,17,14
33,18,11
33,19,22
33,20,8
33,21,20
33,22,23
33,23,11
33,24,10
33,25,25
33,26,11
33,27,5
33,28,15
33,29,12
33,30,9
33,31,11
33,32,14
33,33,2
33,34,7
34,1,12
34,2,5
34,3,12
34,4,7
34,5,4
34,6,4
34,7,8
34,8,9
34,9,9
34,10,7
34,11,12
34,12,24
34,13,12
34,14,11
34,15,16
34,16,12
34,17,12
34,18,13
34,19,19
34,20,14
34,21,23
34,22,20
34,23,13
34,24,10
34,25,18
34,26,6
34,27,10
34,28,12
34,29,14
34,30,9
34,31,10
34,32,15
34,33,5
34,34,7
35,1,12
35,2,5
35,3,10
35,4,3
35,5,4
35,6,4
35,7,9
35,8,14
35,9,8
35,10,4
35,11,17
35,12,21
35,13,11
35,14,14
35,15,11
35,16,9
35,17,10
35,18,12
35,19,29
35,20,14
35,21,24
35,22,20
35,23,13
35,24,13
35,25,31
35,26,9
35,27,5
35,28,22
35,29,10
35,30,5
35,31,9
35,32,15
35,33,9
35,34,8
36,1,15
36,2,6
36,3,7
36,4,9
36,5,4
36,6,4
36,7,19
36,8,9
36,9,19
36,10,6
36,11,12
36,12,18
36,13,12
36,14,8
36,15,10
36,16,12
36,17,13
36,18,8
36,19,19
36,20,11
36,21,18
36,22,17
36,23,15
36,24,8
36,25,25
36,26,8
36,27,6
36,28,15
36,29,13
36,30,7
36,31,11
36,32,9
36,33,3
36,34,9
37,1,16
37,2,5
37,3,8
37,4,4
37,5,5
37,6,2
37,7,11
37,8,11
37,9,18
37,10,7
37,11,17
37,12,19
37,13,10
37,14,12
37,15,12
37,16,7
37,17,12
37,18,5
37,19,28
37,20,9
37,21,23
37,22,15
37,23,9
37,24,13
37,25,16
37,26,7
37,27,3
37,28,17
37,29,16
37,30,6
37,31,10
37,32,14
37,33,4
37,34,13
38,1,16
38,2,5
38,3,13
38,4,7
38,5,5
38,6,4
38,7,16
38,8,13
38,9,17
38,10,6
38,11,14
38,12,18
38,13,10
38,14,9
38,15,8
38,16,7
38,17,11
38,18,9
38,19,25
38,20,12
38,21,19
38,22,21
38,23,14
38,24,10
38,25,23
38,26,14
38,27,5
38,28,14
38,29,17
38,30,8
38,31,7
38,32,12
38,33,9
38,34,10
39,1,8
39,2,11
39,3,8
39,4,2
39,5,4
39,6,3
39,7,8
39,8,14
39,9,13
39,10,13
39,11,15
39,12,18
39,13,17
39,14,10
39,15,13
39,16,7
39,17,12
39,18,10
39,19,31
39,20,17
39,21,18
39,22,15
39,23,14
39,24,9
39,25,17
39,26,10
39,27,3
39,28,11
39,29,16
39,30,6
39,31,12
39,32,14
39,33,5
39,34,12
40,1,24
40,2,6
40,3,10
40,4,6
40,5,5
40,6,4
40,7,13
40,8,8
40,9,11
40,10,9
40,11,13
40,12,24
40,13,12
40,14,9
40,15,11
40,16,19
40,17,7
40,18,12
40,19,24
40,20,9
40,21,25
40,22,21
40,23,11
40,24,6
40,25,16
40,26,13
40,27,5
40,28,15
40,29,15
40,30,4
40,31,12
40,32,17
40,33,8
40,34,10
41,1,15
41,2,8
41,3,12
41,4,5
41,5,6
41,6,4
41,7,9
41,8,10
41,9,24
41,10,12
41,11,17
41,12,27
41,13,11
41,14,9
41,15,21
41,16,5
41,17,19
41,18,12
41,19,15
41,20,20
41,21,22
41,22,14
41,23,13
41,24,8
41,25,28
41,26,11
41,27,7
41,28,15
41,29,9
41,30,6
41,31,12
41,32,16
41,33,3
41,34,10
42,1,11
42,2,8
42,3,10
42,4,3
42,5,6
42,6,6
42,7,8
42,8,10
42,9,15
42,10,8
42,11,17
42,12,25
42,13,10
42,14,5
42,15,14
42,16,10
42,17,15
42,18,7
42,19,32
42,20,20
42,21,23
42,22,16
42,23,16
42,24,9
42,25,32
42,26,11
42,27,5
42,28,14
42,29,14
42,30,5
42,31,15
42,32,21
42,33,4
42,34,9
43,1,18
43,2,4
43,3,12
43,4,2
43,5,6
43,6,5
43,7,11
43,8,8
43,9,15
43,10,6
43,11,11
43,12,17
43,13,17
43,14,15
43,15,18
43,16,17
43,17,15
43,18,10
43,19,26
43,20,12
43,21,17
43,22,19
43,23,15
43,24,8
43,25,32
43,26,11
43,27,4
43,28,19
43,29,10
43,30,9
43,31,11
43,32,26
43,33,4
43,34,8
44,1,12
44,2,5
44,3,10
44,4,3
44,5,4
44,6,3
44,7,11
44,8,8
44,9,12
44,10,10
44,11,18
44,12,25
44,13,17
44,14,12
44,15,8
44,16,5
44,17,17
44,18,8
44,19,40
44,20,12
44,21,21
44,22,18
44,23,18
44,24,9
44,25,22
44,26,11
44,27,4
44,28,16
44,29,16
44,30,11
44,31,8
44,32,15
44,33,4
44,34,10
45,1,10
45,2,7
45,3,12
45,4,3
45,5,9
45,6,5
45,7,8
45,8,8
45,9,8
45,10,11
45,11,24
45,12,19
45,13,23
45,14,7
45,15,9
45,16,9
45,17,10
45,18,11
45,19,22
45,20,11
45,21,21
45,22,17
45,23,13
45,24,14
45,25,16
45,26,8
45,27,5
45,28,16
45,29,15
45,30,9
45,31,11
45,32,9
45,33,5
45,34,12
46,1,17
46,2,6
46,3,11
46,4,5
46,5,4
46,6,7
46,7,9
46,8,10
46,9,15
46,10,10
46,11,23
46,12,15
46,13,8
46,14,6
46,15,9
46,16,12
46,17,12
46,18,18
46,19,32
46,20,10
46,21,18
46,22,18
46,23,16
46,24,4
46,25,22
46,26,9
46,27,5
46,28,17
46,29,10
46,30,9
46,31,14
46,32,9
46,33,9
46,34,10
47,1,11
47,2,6
47,3,8
47,4,7
47,5,4
47,6,4
47,7,11
47,8,8
47,9,19
47,10,13
47,11,11
47,12,26
47,13,12
47,14,12
47,15,15
47,16,5
47,17,11
47,18,13
47,19,24
47,20,12
47,21,19
47,22,16
47,23,19
47,24,9
47,25,17
47,26,10
47,27,6
47,28,19
47,29,17
47,30,4
47,31,14
47,32,19
47,33,3
47,34,8
48,1,13
48,2,5
48,3,13
48,4,5
48,5,6
48,6,3
48,7,9
48,8,11
48,9,20
48,10,6
48,11,19
48,12,18
48,13,12
48,14,13
48,15,15
48,16,11
48,17,11
48,18,13
48,19,12
48,20,13
48,21,18
48,22,22
48,23,17
48,24,13
48,25,17
48,26,9
48,27,4
48,28,11
48,29,10
48,30,9
48,31,12
48,32,13
48,33,8
48,34,9
49,1,14
49,2,6
49,3,9
49,4,5
49,5,7
49,6,6
49,7,11
49,8,9
49,9,13
49,10,5
49,11,19
49,12,17
49,13,15
49,14,7
49,15,10
49,16,6
49,17,9
49,18,9
49,19,31
49,20,16
49,21,23
49,22,20
49,23,12
49,24,9
49,25,20
49,26,12
49,27,4
49,28,16
49,29,17
49,30,8
49,31,9
49,32,10
49,33,4
49,34,9
50,1,15
50,2,5
50,3,10
50,4,3
50,5,7
50,6,4
50,7,10
50,8,7
50,9,17
50,10,7
50,11,22
50,12,24
50,13,11
50,14,8
50,15,15
50,16,12
50,17,8
50,18,13
50,19,28
50,20,10
50,21,20
50,22,16
50,23,13
50,24,10
50,25,16
50,26,8
50,27,3
50,28,20
50,29,13
50,30,2
50,31,11
50,32,17
50,33,8
50,34,9
51,1,12
51,2,5
51,3,11
51,4,8
51,5,4
51,6,4
51,7,12
51,8,10
51,9,23
51,10,8
51,11,10
51,12,29
51,13,14
51,14,13
51,15,9
51,16,9
51,17,13
51,18,13
51,19,32
51,20,12
51,21,21
51,22,16
51,23,16
51,24,15
51,25,36
51,26,6
51,27,3
51,28,19
51,29,11
51,30,5
51,31,13
51,32,19
51,33,2
51,34,10
52,1,13
52,2,6
52,3,11
52,4,2
52,5,6
52,6,5
52,7,13
52,8,12
52,9,20
52,10,7
52,11,19
52,12,28
52,13,11
52,14,8
52,15,21
52,16,7
52,17,9
52,18,9
52,19,23
52,20,14
52,21,22
52,22,16
52,23,17
52,24,12
52,25,20
52,26,12
52,27,4
52,28,13
52,29,16
52,30,3
52,31,6
52,32,12
52,33,6
52,34,12
53,1,14
53,2,6
53,3,14
53,4,3
53,5,5
53,6,3
53,7,7
53,8,16
53,9,13
53,10,9
53,11,18
53,12,26
53,13,8
53,14,5
53,15,13
53,16,9
53,17,12
53,18,8
53,19,33
53,20,16
53,21,22
53,22,19
53,23,18
53,24,14
53,25,24
53,26,10
53,27,4
53,28,7
53,29,13
53,30,4
53,31,8
53,32,20
53,33,6
53,34,11
54,1,15
54,2,5
54,3,11
54,4,2
54,5,4
54,6,4
54,7,9
54,8,11
54,9,11
54,10,8
54,11,20
54,12,29
54,13,15
54,14,12
54,15,12
54,16,15
54,17,14
54,18,6
54,19,21
54,20,19
54,21,18
54,22,18
54,23,15
54,24,9
54,25,22
54,26,3
54,27,3
54,28,15
54,29,10
54,30,7
54,31,11
54,32,13
54,33,8
54,34,11
55,1,17
55,2,5
55,3,12
55,4,3
55,5,8
55,6,4
55,7,14
55,8,13
55,9,22
55,10,11
55,11,17
55,12,16
55,13,10
55,14,13
55,15,11
55,16,12
55,17,12
55,18,14
55,19,25
55,20,10
55,21,20
55,22,20
55,23,17
55,24,11
55,25,21
55,26,9
55,27,3
55,28,20
55,29,10
55,30,9
55,31,10
55,32,15
55,33,5
55,34,8
56,1,16
56,2,7
56,3,13
56,4,5
56,5,4
56,6,4
56,7,7
56,8,8
56,9,20
56,10,7
56,11,20
56,12,29
56,13,15
56,14,12
56,15,10
56,16,7
56,17,11
56,18,9
56,19,18
56,20,11
56,21,19
56,22,20
56,23,16
56,24,14
56,25,20
56,26,8
56,27,5
56,28,24
56,29,12
56,30,11
56,31,13
56,32,18
56,33,4
56,34,11
57,1,12
57,2,11
57,3,10
57,4,6
57,5,4
57,6,3
57,7,12
57,8,10
57,9,8
57,10,16
57,11,14
57,12,24
57,13,22
57,14,13
57,15,20
57,16,18
57,17,12
57,18,14
57,19,24
57,20,7
57,21,19
57,22,15
57,23,12
57,24,9
57,25,24
57,26,13
57,27,4
57,28,18
57,29,12
57,30,5
57,31,10
57,32,6
57,33,10
57,34,8
58,1,13
58,2,4
58,3,11
58,4,2
58,5,8
58,6,4
58,7,10
58,8,8
58,9,15
58,10,11
58,11,18
58,12,19
58,13,23
58,14,8
58,15,12
58,16,15
58,17,12
58,18,10
58,19,23
58,20,10
58,21,20
58,22,21
58,23,13
58,24,12
58,25,34
58,26,10
58,27,4
58,28,19
58,29,15
58,30,5
58,31,11
58,32,18
58,33,5
58,34,9
59,1,13
59,2,6
59,3,12
59,4,4
59,5,3
59,6,5
59,7,8
59,8,11
59,9,26
59,10,8
59,11,13
59,12,16
59,13,10
59,14,15
59,15,9
59,16,9
59,17,14
59,18,7
59,19,23
59,20,9
59,21,16
59,22,20
59,23,16
59,24,11
59,25,26
59,26,10
59,27,3
59,28,18
59,29,11
59,30,9
59,31,14
59,32,24
59,33,3
59,34,10
60,1,15
60,2,7
60,3,7
60,4,2
60,5,8
60,6,4
60,7,6
60,8,18
60,9,27
60,10,10
60,11,12
60,12,21
60,13,8
60,14,14
60,15,11
60,16,8
60,17,10
60,18,12
60,19,29
60,20,9
60,21,21
60,22,15
60,23,17
60,24,10
60,25,21
60,26,10
60,27,3
60,28,15
60,29,13
60,30,7
60,31,14
60,32,10
60,33,4
60,34,11
61,1,15
61,2,10
61,3,12
61,4,3
61,5,5
61,6,6
61,7,12
61,8,18
61,9,13
61,10,6
61,11,14
61,12,28
61,13,11
61,14,10
61,15,12
61,16,13
61,17,11
61,18,6
61,19,24
61,20,14
61,21,18
61,22,19
61,23,12
61,24,8
61,25,20
61,26,14
61,27,5
61,28,13
61,29,13
61,30,10
61,31,15
61,32,10
61,33,6
61,34,13
62,1,21
62,2,11
62,3,11
62,4,3
62,5,6
62,6,4
62,7,7
62,8,14
62,9,13
62,10,8
62,11,15
62,12,23
62,13,14
62,14,10
62,15,13
62,16,7
62,17,15
62,18,9
62,19,20
62,20,10
62,21,20
62,22,21
62,23,16
62,24,9
62,25,20
62,26,12
62,27,4
62,28,10
62,29,11
62,30,11
62,31,12
62,32,14
62,33,3
62,34,9
63,1,12
63,2,7
63,3,12
63,4,2
63,5,10
63,6,4
63,7,12
63,8,16
63,9,15
63,10,10
63,11,14
63,12,14
63,13,10
63,14,8
63,15,13
63,16,5
63,17,10
63,18,11
63,19,24
63,20,12
63,21,21
63,22,13
63,23,12
63,24,7
63,25,34
63,26,14
63,27,4
63,28,16
63,29,10
63,30,13
63,31,13
63,32,16
63,33,4
63,34,13
64,1,10
64,2,8
64,3,9
64,4,6
64,5,8
64,6,5
64,7,7
64,8,13
64,9,12
64,10,13
64,11,15
64,12,23
64,13,19
64,14,8
64,15,15
64,16,13
64,17,12
64,18,12
64,19,27
64,20,17
64,21,19
64,22,13
64,23,13
64,24,7
64,25,21
64,26,7
64,27,3
64,28,17
64,29,11
64,30,3
64,31,9
64,32,20
64,33,9
64,34,8
65,1,19
65,2,6
65,3,5
65,4,2
65,5,6
65,6,5
65,7,8
65,8,10
65,9,20
65,10,6
65,11,16
65,12,18
65,13,11
65,14,8
65,15,12
65,16,13
65,17,11
65,18,13
65,19,30
65,20,14
65,21,24
65,22,18
65,23,9
65,24,9
65,25,19
65,26,12
65,27,5
65,28,19
65,29,18
65,30,4
65,31,7
65,32,14
65,33,10
65,34,12
66,1,13
66,2,6
66,3,8
66,4,4
66,5,4
66,6,7
66,7,13
66,8,16
66,9,17
66,10,6
66,11,17
66,12,21
66,13,13
66,14,8
66,15,15
66,16,10
66,17,11
66,18,6
66,19,16
66,20,10
66,21,21
66,22,16
66,23,13
66,24,8
66,25,16
66,26,11
66,27,5
66,28,18
66,29,10
66,30,2
66,31,9
66,32,10
66,33,7
66,34,11
67,1,14
67,2,5
67,3,14
67,4,5
67,5,5
67,6,5
67,7,7
67,8,14
67,9,18
67,10,8
67,11,14
67,12,23
67,13,17
67,14,14
67,15,15
67,16,9
67,17,9
67,18,9
67,19,22
67,20,14
67,21,20
67,22,19
67,23,14
67,24,13
67,25,33
67,26,11
67,27,7
67,28,12
67,29,13
67,30,9
67,31,10
67,32,22
67,33,4
67,34,10
68,1,12
68,2,4
68,3,13
68,4,2
68,5,7
68,6,3
68,7,8
68,8,9
68,9,10
68,10,7
68,11,17
68,12,17
68,13,13
68,14,10
68,15,12
68,16,14
68,17,9
68,18,9
68,19,27
68,20,22
68,21,23
68,22,19
68,23,14
68,24,17
68,25,19
68,26,9
68,27,3
68,28,19
68,29,14
68,30,5
68,31,12
68,32,19
68,33,3
68,34,11
69,1,14
69,2,5
69,3,12
69,4,4
69,5,4
69,6,3
69,7,11
69,8,8
69,9,17
69,10,10
69,11,17
69,12,17
69,13,14
69,14,12
69,15,10
69,16,12
69,17,13
69,18,8
69,19,21
69,20,18
69,21,25
69,22,18
69,23,19
69,24,8
69,25,21
69,26,10
69,27,4
69,28,16
69,29,12
69,30,5
69,31,11
69,32,13
69,33,3
69,34,10
70,1,14
70,2,6
70,3,11
70,4,5
70,5,7
70,6,3
70,7,8
70,8,8
70,9,15
70,10,9
70,11,11
70,12,15
70,13,7
70,14,9
70,15,15
70,16,10
70,17,12
70,18,9
70,19,12
70,20,12
70,21,25
70,22,16
70,23,14
70,24,10
70,25,17
70,26,11
70,27,4
70,28,11
70,29,14
70,30,10
70,31,6
70,32,15
70,33,7
70,34,8
71,1,14
71,2,5
71,3,13
71,4,9
71,5,5
71,6,3
71,7,8
71,8,11
71,9,14
71,10,10
71,11,18
71,12,19
71,13,18
71,14,8
71,15,14
71,16,7
71,17,14
71,18,10
71,19,26
71,20,10
71,21,21
71,22,17
71,23,15
71,24,12
71,25,19
71,26,8
71,27,4
71,28,13
71,29,7
71,30,8
71,31,13
71,32,20
71,33,5
71,34,7
72,1,20
72,2,5
72,3,11
72,4,3
72,5,6
72,6,4
72,7,13
72,8,8
72,9,15
72,10,6
72,11,16
72,12,20
72,13,16
72,14,6
72,15,16
72,16,11
72,17,13
72,18,11
72,19,32
72,20,9
72,21,23
72,22,17
72,23,12
72,24,10
72,25,17
72,26,9
72,27,3
72,28,19
72,29,8
72,30,7
72,31,9
72,32,13
72,33,10
72,34,8
73,1,18
73,2,5
73,3,12
73,4,6
73,5,6
73,6,4
73,7,8
73,8,12
73,9,15
73,10,5
73,11,20
73,12,20
73,13,11
73,14,5
73,15,18
73,16,11
73,17,11
73,18,11
73,19,34
73,20,19
73,21,19
73,22,16
73,23,11
73,24,12
73,25,18
73,26,14
73,27,3
73,28,14
73,29,13
73,30,12
73,31,11
73,32,10
73,33,6
73,34,11
74,1,13
74,2,3
74,3,11
74,4,6
74,5,7
74,6,4
74,7,7
74,8,9
74,9,15
74,10,14
74,11,13
74,12,13
74,13,16
74,14,10
74,15,12
74,16,11
74,17,17
74,18,12
74,19,28
74,20,13
74,21,22
74,22,19
74,23,11
74,24,11
74,25,28
74,26,9
74,27,3
74,28,18
74,29,12
74,30,9
74,31,11
74,32,12
74,33,4
74,34,11
75,1,17
75,2,5
75,3,9
75,4,2
75,5,6
75,6,4
75,7,9
75,8,8
75,9,17
75,10,5
75,11,14
75,12,19
75,13,15
75,14,9
75,15,20
75,16,20
75,17,9
75,18,9
75,19,25
75,20,12
75,21,22
75,22,19
75,23,12
75,24,10
75,25,24
75,26,9
75,27,4
75,28,14
75,29,16
75,30,7
75,31,9
75,32,13
75,33,2
75,34,11
76,1,19
76,2,6
76,3,11
76,4,3
76,5,7
76,6,4
76,7,10
76,8,9
76,9,20
76,10,10
76,11,13
76,12,15
76,13,11
76,14,8
76,15,9
76,16,5
76,17,9
76,18,10
76,19,27
76,20,10
76,21,19
76,22,14
76,23,12
76,24,9
76,25,25
76,26,11
76,27,5
76,28,17
76,29,12
76,30,4
76,31,14
76,32,13
76,33,8
76,34,11
77,1,14
77,2,4
77,3,10
77,4,8
77,5,4
77,6,3
77,7,9
77,8,11
77,9,11
77,10,14
77,11,20
77,12,19
77,13,10
77,14,11
77,15,11
77,16,10
77,17,12
77,18,10
77,19,32
77,20,11
77,21,27
77,22,18
77,23,11
77,24,9
77,25,29
77,26,11
77,27,3
77,28,16
77,29,9
77,30,6
77,31,17
77,32,14
77,33,8
77,34,8
78,1,12
78,2,6
78,3,10
78,4,3
78,5,5
78,6,5
78,7,6
78,8,11
78,9,14
78,10,9
78,11,20
78,12,19
78,13,14
78,14,10
78,15,18
78,16,9
78,17,10
78,18,12
78,19,25
78,20,11
78,21,18
78,22,17
78,23,14
78,24,15
78,25,28
78,26,14
78,27,4
78,28,16
78,29,12
78,30,5
78,31,11
78,32,13
78,33,5
78,34,10
79,1,19
79,2,7
79,3,10
79,4,3
79,5,8
79,6,3
79,7,9
79,8,12
79,9,14
79,10,8
79,11,23
79,12,33
79,13,14
79,14,9
79,15,15
79,16,10
79,17,10
79,18,11
79,19,33
79,20,12
79,21,17
79,22,19
79,23,15
79,24,14
79,25,26
79,26,7
79,27,3
79,28,20
79,29,16
79,30,6
79,31,13
79,32,24
79,33,7
79,34,12
80,1,13
80,2,9
80,3,10
80,4,3
80,5,5
80,6,6
80,7,13
80,8,9
80,9,12
80,10,12
80,11,21
80,12,23
80,13,9
80,14,14
80,15,11
80,16,15
80,17,17
80,18,6
80,19,20
80,20,9
80,21,21
80,22,19
80,23,23
80,24,17
80,25,19
80,26,10
80,27,9
80,28,20
80,29,19
80,30,9
80,31,9
80,32,10
80,33,7
80,34,10
81,1,14
81,2,8
81,3,13
81,4,2
81,5,5
81,6,5
81,7,13
81,8,15
81,9,18
81,10,5
81,11,13
81,12,18
81,13,18
81,14,8
81,15,18
81,16,10
81,17,11
81,18,10
81,19,26
81,20,13
81,21,22
81,22,17
81,23,14
81,24,8
81,25,28
81,26,9
81,27,4
81,28,12
81,29,10
81,30,11
81,31,14
81,32,17
81,33,6
81,34,7
82,1,17
82,2,9
82,3,10
82,4,9
82,5,5
82,6,4
82,7,7
82,8,10
82,9,20
82,10,9
82,11,9
82,12,24
82,13,9
82,14,10
82,15,11
82,16,9
82,17,14
82,18,12
82,19,23
82,20,12
82,21,20
82,22,18
82,23,16
82,24,9
82,25,23
82,26,15
82,27,4
82,28,17
82,29,16
82,30,6
82,31,11
82,32,15
82,33,5
82,34,10
83,1,14
83,2,3
83,3,9
83,4,5
83,5,9
83,6,4
83,7,9
83,8,10
83,9,8
83,10,15
83,11,16
83,12,19
83,13,14
83,14,7
83,15,18
83,16,8
83,17,15
83,18,10
83,19,27
83,20,7
83,21,21
83,22,20
83,23,16
83,24,11
83,25,18
83,26,9
83,27,3
83,28,11
83,29,5
83,30,5
83,31,11
83,32,12
83,33,5
83,34,7
84,1,20
84,2,5
84,3,14
84,4,2
84,5,4
84,6,9
84,7,15
84,8,10
84,9,10
84,10,4
84,11,11
84,12,18
84,13,16
84,14,11
84,15,15
84,16,14
84,17,11
84,18,14
84,19,30
84,20,12
84,21,25
84,22,17
84,23,16
84,24,10
84,25,29
84,26,9
84,27,3
84,28,10
84,29,16
84,30,8
84,31,11
84,32,25
84,33,5
84,34,9
85,1,18
85,2,4
85,3,10
85,4,3
85,5,4
85,6,4
85,7,14
85,8,11
85,9,20
85,10,14
85,11,20
85,12,15
85,13,11
85,14,9
85,15,7
85,16,8
85,17,9
85,18,8
85,19,38
85,20,14
85,21,19
85,22,20
85,23,12
85,24,13
85,25,28
85,26,8
85,27,5
85,28,18
85,29,7
85,30,5
85,31,10
85,32,12
85,33,5
85,34,11
86,1,12
86,2,6
86,3,12
86,4,2
86,5,5
86,6,4
86,7,9
86,8,10
86,9,22
86,10,6
86,11,13
86,12,22
86,13,14
86,14,8
86,15,17
86,16,9
86,17,13
86,18,7
86,19,28
86,20,14
86,21,16
86,22,23
86,23,13
86,24,9
86,25,33
86,26,10
86,27,4
86,28,16
86,29,14
86,30,6
86,31,6
86,32,13
86,33,4
86,34,11
87,1,11
87,2,8
87,3,12
87,4,8
87,5,5
87,6,4
87,7,14
87,8,10
87,9,15
87,10,12
87,11,21
87,12,21
87,13,10
87,14,7
87,15,9
87,16,22
87,17,11
87,18,12
87,19,23
87,20,20
87,21,17
87,22,23
87,23,14
87,24,11
87,25,22
87,26,7
87,27,5
87,28,17
87,29,11
87,30,6
87,31,15
87,32,11
87,33,5
87,34,12
88,1,15
88,2,5
88,3,11
88,4,2
88,5,9
88,6,5
88,7,11
88,8,12
88,9,17
88,10,10
88,11,10
88,12,21
88,13,11
88,14,14
88,15,11
88,16,7
88,17,9
88,18,8
88,19,25
88,20,14
88,21,22
88,22,22
88,23,15
88,24,11
88,25,18
88,26,13
88,27,9
88,28,15
88,29,10
88,30,6
88,31,14
88,32,13
88,33,5
88,34,12
89,1,20
89,2,5
89,3,9
89,4,4
89,5,4
89,6,6
89,7,11
89,8,11
89,9,14
89,10,8
89,11,14
89,12,17
89,13,9
89,14,11
89,15,15
89,16,12
89,17,11
89,18,6
89,19,25
89,20,13
89,21,19
89,22,15
89,23,14
89,24,12
89,25,18
89,26,14
89,27,6
89,28,21
89,29,9
89,30,7
89,31,12
89,32,15
89,33,7
89,34,14
90,1,23
90,2,8
90,3,10
90,4,2
90,5,4
90,6,4
90,7,14
90,8,5
90,9,13
90,10,10
90,11,13
90,12,25
90,13,15
90,14,10
90,15,14
90,16,9
90,17,11
90,18,12
90,19,31
90,20,12
90,21,20
90,22,22
90,23,14
90,24,13
90,25,29
90,26,4
90,27,5
90,28,13
90,29,10
90,30,8
90,31,12
90,32,11
90,33,6
90,34,8
91,1,19
91,2,6
91,3,11
91,4,9
91,5,5
91,6,6
91,7,8
91,8,13
91,9,8
91,10,9
91,11,12
91,12,17
91,13,15
91,14,13
91,15,11
91,16,15
91,17,12
91,18,10
91,19,25
91,20,16
91,21,14
91,22,15
91,23,18
91,24,13
91,25,19
91,26,13
91,27,4
91,28,22
91,29,14
91,30,4
91,31,10
91,32,13
91,33,5
91,34,12
92,1,14
92,2,9
92,3,9
92,4,3
92,5,4
92,6,4
92,7,18
92,8,13
92,9,18
92,10,8
92,11,14
92,12,19
92,13,12
92,14,14
92,15,10
92,16,13
92,17,15
92,18,12
92,19,22
92,20,7
92,21,26
92,22,13
92,23,19
92,24,9
92,25,28
92,26,11
92,27,6
92,28,14
92,29,13
92,30,3
92,31,11
92,32,21
92,33,4
92,34,10
93,1,18
93,2,6
93,3,10
93,4,3
93,5,8
93,6,4
93,7,5
93,8,7
93,9,14
93,10,7
93,11,14
93,12,26
93,13,11
93,14,7
93,15,12
93,16,19
93,17,13
93,18,10
93,19,29
93,20,9
93,21,25
93,22,21
93,23,11
93,24,14
93,25,16
93,26,10
93,27,6
93,28,13
93,29,10
93,30,4
93,31,15
93,32,12
93,33,8
93,34,7
94,1,14
94,2,7
94,3,10
94,4,4
94,5,5
94,6,3
94,7,14
94,8,18
94,9,16
94,10,6
94,11,14
94,12,13
94,13,7
94,14,13
94,15,14
94,16,7
94,17,10
94,18,11
94,19,20
94,20,14
94,21,17
94,22,19
94,23,13
94,24,6
94,25,22
94,26,10
94,27,4
94,28,19
94,29,7
94,30,11
94,31,14
94,32,26
94,33,4
94,34,8
